delete from located_at;
delete from administrator;
delete from user;
delete from picturemessage;
delete from textmessage;
delete from message;
delete from likes;
delete from location;

insert into user (email,password,salt,first_name,last_name,date_of_birth) values ('ab@cd.com', '800D4EA955D9692713A74FD94843B5FE4AC1043233445D1504160CFCCF05BEB0','800D4EA955D9692713A74FD94843B5FE4AC1043233445D1504160CFCCF05BEB0', 'Ken','Smith','1995-10-01');
insert into user (email,password,salt,first_name,last_name,date_of_birth) values ('cd@cd.com', '800D4EA955D9692713A74FD94843B5FE4AC1043233445D1504160CFCCF05BEB0','800D4EA955D9692713A74FD94843B5FE4AC1043233445D1504160CFCCF05BEB0', 'Ben','Claire','1995-10-02');
insert into user (email,password,salt,first_name,last_name,date_of_birth) values ('ef@cd.com', '800D4EA955D9692713A74FD94843B5FE4AC1043233445D1504160CFCCF05BEB0','800D4EA955D9692713A74FD94843B5FE4AC1043233445D1504160CFCCF05BEB0', 'Sam','Bond','1995-10-03');
insert into user  (email,password,salt,first_name,last_name,date_of_birth) values ('hi@cd.com', '800D4EA955D9692713A74FD94843B5FE4AC1043233445D1504160CFCCF05BEB0','800D4EA955D9692713A74FD94843B5FE4AC1043233445D1504160CFCCF05BEB0', 'Loo','Tolstoy','1995-10-04');
insert into user  (email,password,salt,first_name,last_name,date_of_birth) values ('jk@cd.com', '800D4EA955D9692713A74FD94843B5FE4AC1043233445D1504160CFCCF05BEB0','800D4EA955D9692713A74FD94843B5FE4AC1043233445D1504160CFCCF05BEB0', 'Alex','James','1995-10-05');
insert into user  (email,password,salt,first_name,last_name,date_of_birth) values ('lm@cd.com', '800D4EA955D9692713A74FD94843B5FE4AC1043233445D1504160CFCCF05BEB0','800D4EA955D9692713A74FD94843B5FE4AC1043233445D1504160CFCCF05BEB0', 'Sasha','Stevens','1995-10-06');
insert into user  (email,password,salt,first_name,last_name,date_of_birth) values ('no@cd.com', '800D4EA955D9692713A74FD94843B5FE4AC1043233445D1504160CFCCF05BEB0','800D4EA955D9692713A74FD94843B5FE4AC1043233445D1504160CFCCF05BEB0', 'Vika','Holland','1995-10-07');
insert into user  (email,password,salt,first_name,last_name,date_of_birth) values ('pq@cd.com', '800D4EA955D9692713A74FD94843B5FE4AC1043233445D1504160CFCCF05BEB0','800D4EA955D9692713A74FD94843B5FE4AC1043233445D1504160CFCCF05BEB0', 'Olga','Smith','1995-10-08');
insert into administrator  (email,office_number,start_time,end_time) values ('ab@cd.com', '1','09:00:00','17:00:00');
insert into administrator  (email,office_number,start_time,end_time) values ('jk@cd.com', '3','09:00:00','17:00:00');
insert into administrator  (email,office_number,start_time,end_time) values ('no@cd.com', '5','09:00:00','17:00:00');
insert into administrator  (email,office_number,start_time,end_time) values ('pq@cd.com', '1','09:00:00','17:00:00');
insert into message  (email,num,post_date,post_time) values ('ab@cd.com', '1','2015-01-01','17:00:00');
insert into message  (email,num,post_date,post_time) values ('cd@cd.com', '1','2015-02-02','16:29:00');
insert into message  (email,num,post_date,post_time) values ('ef@cd.com', '1','2015-03-03','15:18:00');
insert into message  (email,num,post_date,post_time) values ('ab@cd.com', '2','2015-01-20','17:00:00');
insert into message  (email,num,post_date,post_time) values ('cd@cd.com', '2','2015-03-07','16:29:00');
insert into message  (email,num,post_date,post_time) values ('ef@cd.com', '2','2015-04-03','15:18:00');
insert into message  (email,num,post_date,post_time) values ('no@cd.com', '1','2015-05-05','13:32:00');
insert into message  (email,num,post_date,post_time) values ('hi@cd.com', '1','2015-05-15','13:32:00');
insert into message  (email,num,post_date,post_time) values ('no@cd.com', '2','2015-06-06','10:54:00');
insert into message  (email,num,post_date,post_time) values ('jk@cd.com', '1','2015-11-10','07:24:00');
insert into message  (email,num,post_date,post_time) values ('lm@cd.com', '1','2015-12-21','19:12:00');
insert into message  (email,num,post_date,post_time) values ('ef@cd.com', '3','2016-01-03','21:05:00');
insert into textmessage  (email,num,content) values ('ab@cd.com', '1','This is my first post.');
insert into textmessage  (email,num,content) values ('cd@cd.com', '1','This is my post.');
insert into textmessage  (email,num,content) values ('ef@cd.com', '1','This isnt a post.');
insert into textmessage  (email,num,content) values ('no@cd.com', '1','CBA making up more posts.');
insert into textmessage  (email,num,content) values ('hi@cd.com', '1','CBA CBA CBA.');
insert into textmessage  (email,num,content) values ('ab@cd.com', '2','This is my second post.');
insert into textmessage  (email,num,content) values ('cd@cd.com', '2','This post is bad.');
insert into textmessage  (email,num,content) values ('ef@cd.com', '2','Short posts are fun.');
insert into picturemessage  (email,num,description,type,url) values ('no@cd.com', '1','Sport pic','jpeg','http://lorempixel.com/400/200/sports/2/');
insert into picturemessage  (email,num,description,type,url) values ('jk@cd.com', '1','Random Sport','jpeg','http://lorempixel.com/400/200/sports/1/');
insert into picturemessage  (email,num,description,type,url) values ('lm@cd.com', '1','More Sport','jpeg','http://lorempixel.com/400/200/sports/3/');
insert into picturemessage  (email,num,description,type,url) values ('ef@cd.com', '3','I hate Sport','jpeg','http://lorempixel.com/400/200/sports/4/');
insert into likes  (liker_email,poster_email,post_number,like_timestamp) values ('cd@cd.com','ab@cd.com','1','2015-12-10 10:02:12');
insert into likes  (liker_email,poster_email,post_number,like_timestamp) values ('jk@cd.com','ab@cd.com','1','2016-02-10 10:02:12');
insert into likes  (liker_email,poster_email,post_number,like_timestamp) values ('no@cd.com','ef@cd.com','1','2016-02-10 10:12:12');
insert into likes  (liker_email,poster_email,post_number,like_timestamp) values ('jk@cd.com','ef@cd.com','1','2016-02-10 10:22:12');
insert into likes  (liker_email,poster_email,post_number,like_timestamp) values ('ab@cd.com','no@cd.com','1','2016-12-10 14:02:12');
insert into likes  (liker_email,poster_email,post_number,like_timestamp) values ('lm@cd.com','jk@cd.com','1','2016-02-12 10:02:12');
insert into likes  (liker_email,poster_email,post_number,like_timestamp) values ('ab@cd.com','cd@cd.com','1','2016-02-17 09:02:12');
insert into likes  (liker_email,poster_email,post_number,like_timestamp) values ('cd@cd.com','ef@cd.com','1','2016-02-17 11:02:12');
insert into likes  (liker_email,poster_email,post_number,like_timestamp) values ('ef@cd.com','cd@cd.com','1','2016-02-17 17:02:12');
insert into location  (longitude,latitude) values ('-2.7880','56.3342');
insert into location  (longitude,latitude) values ('-12.7881','12.3343');
insert into location  (longitude,latitude) values ('32.7884','13.3349');
insert into location  (longitude,latitude) values ('-2.7882','2.3348');
insert into location  (longitude,latitude) values ('12.7887','56.3343');
insert into location  (longitude,latitude) values ('-12.7883','11.3342');
insert into location  (longitude,latitude) values ('-42.7889','83.3341');
insert into location  (longitude,latitude) values ('32.7881','42.3347');
insert into located_at  (post_email,post_num,locID) values ('ab@cd.com','1','25');
insert into located_at  (post_email,post_num,locID) values ('ab@cd.com','2','25');
insert into located_at  (post_email,post_num,locID) values ('cd@cd.com','1','26');
insert into located_at  (post_email,post_num,locID) values ('cd@cd.com','2','26');
insert into located_at  (post_email,post_num,locID) values ('ef@cd.com','1','27');
insert into located_at  (post_email,post_num,locID) values ('no@cd.com','1','28');
insert into located_at  (post_email,post_num,locID) values ('hi@cd.com','1','29');
insert into located_at  (post_email,post_num,locID) values ('ef@cd.com','2','27');
